<?xml version="1.0" encoding="UTF-8"?>
<metadata xml:lang="en"><Esri><CreaDate>20200329</CreaDate><CreaTime>20282700</CreaTime><ArcGISFormat>1.0</ArcGISFormat><SyncOnce>TRUE</SyncOnce><DataProperties><lineage><Process ToolSource="c:\program files (x86)\arcgis\desktop10.7\ArcToolbox\Toolboxes\Data Management Tools.tbx\JoinField" Date="20200329" Time="110953">JoinField Ontario CDUID SmogTable CDUID #</Process><Process ToolSource="c:\program files (x86)\arcgis\desktop10.7\ArcToolbox\Toolboxes\Data Management Tools.tbx\CalculateField" Date="20200329" Time="112227">CalculateField Ontario S_PROP2003 [TSD_2003]/365 VB #</Process><Process ToolSource="c:\program files (x86)\arcgis\desktop10.7\ArcToolbox\Toolboxes\Data Management Tools.tbx\CalculateField" Date="20200329" Time="112857">CalculateField Ontario S_PROP2004 [TSD_2004]/366 VB #</Process><Process ToolSource="c:\program files (x86)\arcgis\desktop10.7\ArcToolbox\Toolboxes\Data Management Tools.tbx\CalculateField" Date="20200329" Time="112926">CalculateField Ontario S_PROP2005 [TSD_2005]/365 VB #</Process><Process ToolSource="c:\program files (x86)\arcgis\desktop10.7\ArcToolbox\Toolboxes\Data Management Tools.tbx\CalculateField" Date="20200329" Time="112938">CalculateField Ontario S_PROP2006 [TSD_2006]/365 VB #</Process><Process ToolSource="c:\program files (x86)\arcgis\desktop10.7\ArcToolbox\Toolboxes\Data Management Tools.tbx\CalculateField" Date="20200329" Time="113006">CalculateField Ontario S_PROP2007 [TSD_2007]/365 VB #</Process><Process ToolSource="c:\program files (x86)\arcgis\desktop10.7\ArcToolbox\Toolboxes\Data Management Tools.tbx\CalculateField" Date="20200329" Time="113027">CalculateField Ontario S_PROP2008 [TSD_2008]/366 VB #</Process><Process ToolSource="c:\program files (x86)\arcgis\desktop10.7\ArcToolbox\Toolboxes\Data Management Tools.tbx\CalculateField" Date="20200329" Time="113051">CalculateField Ontario S_PROP2009 [TSD_2009]/365 VB #</Process><Process ToolSource="c:\program files (x86)\arcgis\desktop10.7\ArcToolbox\Toolboxes\Data Management Tools.tbx\CalculateField" Date="20200329" Time="113110">CalculateField Ontario S_PROP2010 [TSD_2010]/365 VB #</Process><Process ToolSource="c:\program files (x86)\arcgis\desktop10.7\ArcToolbox\Toolboxes\Data Management Tools.tbx\CalculateField" Date="20200329" Time="113152">CalculateField Ontario S_PROP2011 [TSD_2011]/365 VB #</Process><Process ToolSource="c:\program files (x86)\arcgis\desktop10.7\ArcToolbox\Toolboxes\Data Management Tools.tbx\CalculateField" Date="20200329" Time="113332">CalculateField Ontario S_PROP2012 [TSD_2012]/366 VB #</Process><Process ToolSource="c:\program files (x86)\arcgis\desktop10.7\ArcToolbox\Toolboxes\Data Management Tools.tbx\CalculateField" Date="20200329" Time="113402">CalculateField Ontario S_PROP2013 [TSD_2013]/365 VB #</Process><Process ToolSource="c:\program files (x86)\arcgis\desktop10.7\ArcToolbox\Toolboxes\Data Management Tools.tbx\CalculateField" Date="20200329" Time="210357">CalculateField OntarioSmogEDITS AQ_REGION [CDNAME] VB #</Process><Process ToolSource="c:\program files (x86)\arcgis\desktop10.7\ArcToolbox\Toolboxes\Data Management Tools.tbx\JoinField" Date="20200402" Time="135810">JoinField OntarioSmogEDITS AQ_REGION RegionParksFinal AQ_REGION PARK_SQKM;PARK_SQM</Process><Process ToolSource="c:\program files (x86)\arcgis\desktop10.7\ArcToolbox\Toolboxes\Data Management Tools.tbx\CalculateField" Date="20200402" Time="135923">CalculateField OntarioSmogEDITS PROP_PARKS "[AREA_SQKM]/ [PARK_SQKM]" VB #</Process><Process ToolSource="c:\program files (x86)\arcgis\desktop10.7\ArcToolbox\Toolboxes\Data Management Tools.tbx\CalculateField" Date="20200402" Time="140022">CalculateField OntarioSmogEDITS PROP_PARKS "[PARK_SQKM]/ [AREA_SQM]" VB #</Process><Process ToolSource="c:\program files (x86)\arcgis\desktop10.7\ArcToolbox\Toolboxes\Data Management Tools.tbx\CalculateField" Date="20200402" Time="140054">CalculateField OntarioSmogEDITS PROP_PARKS "[PARK_SQKM]/ [AREA_SQKM]" VB #</Process><Process ToolSource="c:\program files (x86)\arcgis\desktop10.7\ArcToolbox\Toolboxes\Data Management Tools.tbx\CalculateField" Date="20200402" Time="140122">CalculateField OntarioSmogEDITS PROP_PARKS "[PARK_SQM]/ [AREA_SQM]" VB #</Process></lineage></DataProperties></Esri></metadata>
